Date,Close
2016-05-24,1.3588628383570445
2016-05-25,0.695053918975308
2016-05-26,-0.021049408780715595
2016-05-27,0.42777137484018013
2016-05-31,-0.10009486014519453
2016-06-01,0.11295693348145619
2016-06-02,0.28207287425612293
2016-06-03,-0.2916001771314569
2016-06-06,0.48853143586375936
2016-06-07,0.128862944631436
2016-06-08,0.3303991188785993
2016-06-09,-0.17191710652788572
2016-06-10,-0.921757425582026
2016-06-13,-0.8148294359402009
2016-06-14,-0.18005098283602194
2016-06-15,-0.18423761246140202
2016-06-16,0.3128097810598973
2016-06-17,-0.32632746994192274
2016-06-20,0.5791368633680349
2016-06-21,0.27084373542942686
2016-06-22,-0.16529523329484874
2016-06-23,1.3275511311332089
2016-06-24,-3.6580777234719086
2016-06-27,-1.8262249261632668
2016-06-28,1.7614157916988837
2016-06-29,1.6889216752452363
2016-06-30,1.3473821400287633
2016-07-01,0.19467806929593934
2016-07-05,-0.6871075583428699
2016-07-06,0.5338719739026665
2016-07-07,-0.08719206389979917
2016-07-08,1.5138185866623743
2016-07-11,0.3402814586803693
2016-07-12,0.6984851096364153
2016-07-13,0.013474052016348992
2016-07-14,0.5245391042532965
2016-07-15,-0.09293745423875066
2016-07-18,0.23795068786034435
2016-07-19,-0.14362676143067077
2016-07-20,0.4261212867369579
2016-07-21,-0.3619024785839642
2016-07-22,0.4543577237250851
2016-07-25,-0.3015996263402876
2016-07-26,0.032275466775910644
2016-07-27,-0.11993285198670378
2016-07-28,0.1604929506244801
2016-07-29,0.16299621902948758
2016-08-01,-0.1270589706066083
2016-08-02,-0.6381913907791414
2016-08-03,0.31290382452997534
2016-08-04,0.021256735230323898
2016-08-05,0.8566643604324575
2016-08-08,-0.09074743505044225
2016-08-09,0.038967320664617944
2016-08-10,-0.286879705062848
2016-08-11,0.47233927423997457
2016-08-12,-0.07963678724891565
2016-08-15,0.27890832400512267
2016-08-16,-0.549414197082676
2016-08-17,0.1866814596923838
2016-08-18,0.21971793405901607
2016-08-19,-0.14413542987101735
2016-08-22,-0.05633790063610533
2016-08-23,0.19498626169784927
2016-08-24,-0.525407298057079
2016-08-25,-0.13661738453381034
2016-08-26,-0.15800957333471644
2016-08-29,0.5214500184160364
2016-08-30,-0.1955699005067757
2016-08-31,-0.23786147623905407
2016-09-01,-0.0041457364560848475
2016-09-02,0.4192300041961694
2016-09-06,0.2977242343370712
2016-09-07,-0.014636466783102264
2016-09-08,-0.22255507805430952
2016-09-09,-2.482774756307826
2016-09-12,1.4570396678018405
2016-09-13,-1.4941739368127038
2016-09-14,-0.05878494052122818
2016-09-15,1.0058521089339578
2016-09-16,-0.37793821611114
2016-09-19,-0.0018699103377706194
2016-09-20,0.029914370338612883
2016-09-21,1.0857950722305887
2016-09-22,0.647883749098721
2016-09-23,-0.5753297289881942
2016-09-26,-0.8624922689933534
2016-09-27,0.6423572318236204
2016-09-28,0.5282490985375254
2016-09-29,-0.9365019283515963
2016-09-30,0.7936329103086948
2016-10-03,-0.32659915807071727
2016-10-04,-0.4967899838308476
2016-10-05,0.4287490733457133
2016-10-06,0.04814257702054903
2016-10-07,-0.32587738683274026
2016-10-10,0.45953664043354436
2016-10-11,-1.252460917831133
2016-10-12,0.11459550215580094
2016-10-13,-0.31041312647026587
2016-10-14,0.020161621250114337
2016-10-17,-0.3042627268629694
2016-10-18,0.6141459963406426
2016-10-19,0.2189599580656676
2016-10-20,-0.13766939590791338
2016-10-21,-0.00840630473346593
2016-10-24,0.4738517284547328
2016-10-25,-0.3804880140132916
2016-10-26,-0.17419369788722605
2016-10-27,-0.2991246171218265
2016-10-28,-0.3113080493690745
2016-10-31,-0.012227928604158222
2016-11-01,-0.681005116629585
2016-11-02,-0.6546870397736271
2016-11-03,-0.44331988718822046
2016-11-04,-0.1667529568162074
2016-11-07,2.1980157782961918
2016-11-08,0.37648601743320853
2016-11-09,1.1016142751233637
2016-11-10,0.19488592414456107
2016-11-11,-0.139891479970089
2016-11-14,-0.011550945457727835
2016-11-15,0.7452981727622543
2016-11-16,-0.15835388740041978
2016-11-17,0.46653888648142683
2016-11-18,-0.2389553027375868
2016-11-21,0.7433688411606632
2016-11-22,0.2163086603401254
2016-11-23,0.08076848471825215
2016-11-25,0.3906688203705322
2016-11-28,-0.5268331826910888
2016-11-29,0.1334428912746155
2016-11-30,-0.2656997068934963
2016-12-01,-0.35217319747591347
2016-12-02,0.03969856521290893
2016-12-05,0.5804422368380635
2016-12-06,0.340507557988623
2016-12-07,1.3077306345681272
2016-12-08,0.21570846729908055
2016-12-09,0.5921379481215183
2016-12-12,-0.11380520171107023
2016-12-13,0.6518478790004778
2016-12-14,-0.815032136007865
2016-12-15,0.38757077378477334
2016-12-16,-0.17521740727586277
2016-12-19,0.19731900398509694
2016-12-20,0.3630921049278868
2016-12-21,-0.24603512457384014
2016-12-22,-0.1864724123785244
2016-12-23,0.125089800277145
2016-12-27,0.22459178098381827
2016-12-28,-0.839165763624905
2016-12-29,-0.029338679703094783
2016-12-30,-0.46478652506074525
2017-01-03,0.8450767046808139
2017-01-04,0.570599837235708
2017-01-05,-0.07709676024818535
2017-01-06,0.3510797758279338
2017-01-09,-0.3554871008026872
2017-01-10,0.0
2017-01-11,0.28255693040186713
2017-01-12,-0.21470565426557897
2017-01-13,0.1848152813804127
2017-01-17,-0.2971914315658353
2017-01-18,0.17622003864135038
2017-01-19,-0.36158590231876175
2017-01-20,0.3360532379786285
2017-01-23,-0.269370229296495
2017-01-24,0.6543088991933566
2017-01-25,0.7994031790009792
2017-01-26,-0.07355741836105878
2017-01-27,-0.08668437196783785
2017-01-30,-0.6027656215803034
2017-01-31,-0.08903958463326589
2017-02-01,0.02983489915555637
2017-02-02,0.05701254430370284
2017-02-03,0.7238573675816262
2017-02-06,-0.21176570774645853
2017-02-07,0.022679495216770817
2017-02-08,0.06931502647971044
2017-02-09,0.5735978912330353
2017-02-10,0.35597154352586813
2017-02-13,0.5232175748100865
2017-02-14,0.3999293774357149
2017-02-15,0.4979922087049893
2017-02-16,-0.08644791200298485
2017-02-17,0.16771742275309975
2017-02-21,0.6029862181035739
2017-02-22,-0.10828646208507209
2017-02-23,0.04189031146832889
2017-02-24,0.14922378935526837
2017-02-27,0.10175023940544037
2017-02-28,-0.2581660667547503
2017-03-01,1.3581181939564146
2017-03-02,-0.5877100476419983
2017-03-03,0.05036683953827392
2017-03-06,-0.32825982574173906
2017-03-07,-0.29175558777589927
2017-03-08,-0.228686505504605
2017-03-09,0.07995177937871745
2017-03-10,0.3263348099308061
2017-03-13,0.0366619122661227
2017-03-14,-0.33847406821552184
2017-03-15,0.8339854388316859
2017-03-16,-0.1627981495114561
2017-03-17,-0.13152284741453357
2017-03-20,-0.20119037369017434
2017-03-21,-1.2485615265953598
2017-03-22,0.1888131971474749
2017-03-23,-0.10608362855029085
2017-03-24,-0.08443605323886771
2017-03-27,-0.1020153452953032
2017-03-28,0.7225317380816776
2017-03-29,0.10848148191859863
2017-03-30,0.2930736536392864
2017-03-31,-0.22575567952731745
2017-04-03,-0.16435249677559938
2017-04-04,0.055944057403145564
2017-04-05,-0.30595532989128316
2017-04-06,0.19276336842422026
2017-04-07,-0.08274931885736692
2017-04-10,0.06875040056906201
2017-04-11,-0.14349580253538718
2017-04-12,-0.3766995820262409
2017-04-13,-0.6838028476069624
2017-04-17,0.857644056804574
2017-04-18,-0.2907573671845576
2017-04-19,-0.17178170006362237
2017-04-20,0.752877964253873
2017-04-21,-0.30396258521454556
2017-04-24,1.078175277383675
2017-04-25,0.607212810606228
2017-04-26,-0.04857560511428716
2017-04-27,0.05527383720211887
2017-04-28,-0.1914950815332439
2017-05-01,0.17307386358744736
2017-05-02,0.11884089692433264
2017-05-03,-0.12721529972958834
2017-05-04,0.05818760433342618
2017-05-05,0.40803513003337955
2017-05-08,0.0037510393508632944
2017-05-09,-0.10257908036237495
2017-05-10,0.11299789591925347
2017-05-11,-0.21651757390088733
2017-05-12,-0.14795189665717245
2017-05-15,0.4765073002474196
2017-05-16,-0.06870720384215545
2017-05-17,-1.834551314368671
2017-05-18,0.3680063440703485
2017-05-19,0.6744699024732626
2017-05-22,0.5146846937212679
2017-05-23,0.18362259042570273
2017-05-24,0.2486045908441703
2017-05-25,0.4432039059246051
2017-05-26,0.031050179409053413
2017-05-30,-0.12052860078259897
2017-05-31,-0.04601312906196142
2017-06-01,0.7542591718300073
2017-06-02,0.3700870703284842
2017-06-05,-0.12184192007351768
2017-06-06,-0.2782900738150573
2017-06-07,0.15671051049048756
2017-06-08,0.026710883610991942
2017-06-09,-0.08303258478186137
2017-06-12,-0.09791902303826205
2017-06-13,0.45012746082839783
2017-06-14,-0.09962549022448641
2017-06-15,-0.22421257837548225
2017-06-16,0.028362322694341913
2017-06-19,0.8312558992557229
2017-06-20,-0.6719188389873842
2017-06-21,-0.058284627643256925
2017-06-22,-0.045584186772806845
2017-06-23,0.15596785299303306
2017-06-26,0.03157439383913996
2017-06-27,-0.8105510111855452
2017-06-28,0.8769477216596933
2017-06-29,-0.863722067177175
2017-06-30,0.1532073698797376
2017-07-03,0.23081276913972104
2017-07-05,0.14522119983846338
2017-07-06,-0.9412971248548452
2017-07-07,0.6382740756956551
2017-07-10,0.09273360773853767
2017-07-11,-0.0783027305841344
2017-07-12,0.7279063026366828
2017-07-13,0.18727975574499567
2017-07-14,0.4662640144142749
2017-07-17,-0.005286261211612242
2017-07-18,0.05975913588072146
2017-07-19,0.5358270292070699
2017-07-20,-0.01536197671230255
2017-07-21,-0.03679748686389317
2017-07-24,-0.10642496123312029
2017-07-25,0.2918919243124485
2017-07-26,0.028254516874248736
2017-07-27,-0.09730985474876164
2017-07-28,-0.13420867417748283
2017-07-31,-0.07283910972732954
2017-08-01,0.24461011054492943
2017-08-02,0.04925392516081928
2017-08-03,-0.21859786914877333
2017-08-04,0.18872543230461503
2017-08-07,0.1645911613383788
2017-08-08,-0.24173560904774405
2017-08-09,-0.03637142539298921
2017-08-10,-1.4580194485226627
2017-08-11,0.12747131060235617
2017-08-14,0.9993643603759317
2017-08-15,-0.04989402693533762
2017-08-16,0.14190955851409726
2017-08-17,-1.5557302982010413
2017-08-18,-0.18370697733356423
2017-08-21,0.1161947587631218
2017-08-22,0.9891739536413091
2017-08-23,-0.34595821335070553
2017-08-24,-0.2076588752393249
2017-08-25,0.1671439670407615
2017-08-28,0.04869774552016537
2017-08-29,0.08424428066566847
2017-08-30,0.4604515985120017
2017-08-31,0.5704748858195607
2017-09-01,0.1980518815597243
2017-09-05,-0.7579478568344733
2017-09-06,0.3123866382146012
2017-09-07,-0.017847581700003445
2017-09-08,-0.14898927557061015
2017-09-11,1.078090425084266
2017-09-12,0.33583535924837093
2017-09-13,0.07567795189853399
2017-09-14,-0.1101323902514828
2017-09-15,0.18455323152091196
2017-09-18,0.1454807314798856
2017-09-19,0.11096653781503818
2017-09-20,0.06341116368568933
2017-09-21,-0.30506088934592057
2017-09-22,0.06476347566470864
2017-09-25,-0.2224499204925401
2017-09-26,0.0072093721870558625
2017-09-27,0.40768420216066303
2017-09-28,0.12038828664966417
2017-09-29,0.36982437735080254
2017-10-02,0.3866515132982862
2017-10-03,0.2156526696299288
2017-10-04,0.1245978332918618
2017-10-05,0.5630873397280745
2017-10-06,-0.10742150246922932
2017-10-09,-0.1806025547531398
2017-10-10,0.2319754070958524
2017-10-11,0.18018446358105678
2017-10-12,-0.16881541443298786
2017-10-13,0.08777258062382387
2017-10-16,0.1749233933479033
2017-10-17,0.06722689328819698
2017-10-18,0.07420976706713489
2017-10-19,0.03279098121256041
2017-10-20,0.5103849469401567
2017-10-23,-0.3980402867081345
2017-10-24,0.16166388736671422
2017-10-25,-0.4673963111462065
2017-10-26,0.12701392021270408
2017-10-27,0.8040545353815709
2017-10-30,-0.31975812572380136
2017-10-31,0.09440395099815646
2017-11-01,0.15908062532812295
2017-11-02,0.01899515629224524
2017-11-03,0.30922932168460093
2017-11-06,0.12705230741127949
2017-11-07,-0.018912456610831185
2017-11-08,0.14426176364308319
2017-11-09,-0.3769071849442085
2017-11-10,-0.08980205445068279
2017-11-13,0.09831358177203597
2017-11-14,-0.23122919993499025
2017-11-15,-0.5540998994613133
2017-11-16,0.8162740022441106
2017-11-17,-0.26294963926014603
2017-11-20,0.12749493588080085
2017-11-21,0.6519786005639183
2017-11-22,-0.07505615129561605
2017-11-24,0.20540443802277153
2017-11-27,-0.038433157526274186
2017-11-28,0.9800287295721688
2017-11-29,-0.03693050444502077
2017-11-30,0.8157583185788297
2017-12-01,-0.20265423397498594
2017-12-04,-0.10526994379516097
2017-12-05,-0.3746438721674572
2017-12-06,-0.011409360251590783
2017-12-07,0.29280818451757895
2017-12-08,0.5491194628844731
2017-12-11,0.31968457929973937
2017-12-12,0.15476797289268873
2017-12-13,-0.047306532187096906
2017-12-14,-0.40791347395288113
2017-12-15,0.893429519491562
2017-12-18,0.5348533148324286
2017-12-19,-0.32355197885935993
2017-12-20,-0.08282469992488828
2017-12-21,0.1983661548850435
2017-12-22,-0.04582789284945932
2017-12-26,-0.10589429458702782
2017-12-27,0.0790584626270352
2017-12-28,0.1832348152224661
2017-12-29,-0.5196657936668458
2018-01-02,0.8269096661867259
2018-01-03,0.6378433382130844
2018-01-04,0.40205680372942254
2018-01-05,0.7009177903581687
2018-01-08,0.16609423836406734
2018-01-09,0.13020551030287209
2018-01-10,-0.11128245067881792
2018-01-11,0.7008997490407509
2018-01-12,0.6726951075669341
2018-01-16,-0.3530688627795264
2018-01-17,0.9370957160522941
2018-01-18,-0.16176870607855776
2018-01-19,0.43756410828246217
2018-01-22,0.8034392098314136
2018-01-23,0.21720359026726754
2018-01-24,-0.0560187589407235
2018-01-25,0.06024531651585008
2018-01-26,1.177159731499433
2018-01-29,-0.6754705760661395
2018-01-30,-1.0958608318405894
2018-01-31,0.04888208887612322
2018-02-01,-0.06482706810171379
2018-02-02,-2.1436645011316813
2018-02-05,-4.184256124518182
2018-02-06,1.7290591086863927
2018-02-07,-0.5014145306667217
2018-02-08,-3.8259085020510675
2018-02-09,1.4825626559633598
2018-02-12,1.3818684318076535
2018-02-13,0.26095439836835155
2018-02-14,1.3313461230303858
2018-02-15,1.1996836229864805
2018-02-16,0.037339249475554226
2018-02-20,-0.5858531424819624
2018-02-21,-0.5511689809003073
2018-02-22,0.09731208529206725
2018-02-23,1.590124602558518
2018-02-26,1.168842126055658
2018-02-27,-1.2788286983878905
2018-02-28,-1.115782419577016
2018-03-01,-1.341390789066299
2018-03-02,0.5058756308713441
2018-03-05,1.0971639144904621
2018-03-06,0.2635318442213652
2018-03-07,-0.04839667770610845
2018-03-08,0.44531768119453474
2018-03-09,1.7229511513169093
2018-03-12,-0.1274779824276706
2018-03-13,-0.6383924585162681
2018-03-14,-0.5740941532719646
2018-03-15,-0.07822719394123823
2018-03-16,0.17020228353894495
2018-03-19,-1.4306008195446474
2018-03-20,0.14807014304167865
2018-03-21,-0.18456884848019328
2018-03-22,-2.5484890016140405
2018-03-23,-2.1189833248421053
2018-03-26,2.6795026112632847
2018-03-27,-1.7427312133270867
2018-03-28,-0.2920874045064359
2018-03-29,1.3675733119263178
2018-04-02,-2.2590592580476354
2018-04-03,1.25359346035534
2018-04-04,1.1500105825438922
2018-04-05,0.6839366240059874
2018-04-06,-2.2164022802027894
2018-04-09,0.3331017352751431
2018-04-10,1.6588521255115118
2018-04-11,-0.5540619488903609
2018-04-12,0.8216880187238651
2018-04-13,-0.28908218745016256
2018-04-16,0.8076322362107646
2018-04-17,1.0605144127270982
2018-04-18,0.08310203745827138
2018-04-19,-0.5742577941307836
2018-04-20,-0.8573180471046271
2018-04-23,0.005617525182088912
2018-04-24,-1.347089561834558
2018-04-25,0.18354334726682353
2018-04-26,1.0380129158368057
2018-04-27,0.11130162199064486
2018-04-30,-0.8221243907144071
2018-05-01,0.25458022179103423
2018-05-02,-0.7231903167589593
2018-05-03,-0.22562397993910466
2018-05-04,1.2729831933829594
2018-05-07,0.3451995069662317
2018-05-08,-0.026569121971942167
2018-05-09,0.9635604216150284
2018-05-10,0.9327000979503453
2018-05-11,0.17061751151761229
2018-05-14,0.08831316934818645
2018-05-15,-0.6865679959648929
2018-05-16,0.4052336187627681
2018-05-17,-0.08562100552644836
2018-05-18,-0.2635697537312076
2018-05-21,0.7359590175901154
2018-05-22,-0.3140663512949615
2018-05-23,0.3243109408800571
2018-05-24,-0.20252522464270228
2018-05-25,-0.2360028182485152
2018-05-29,-1.1631583739264428
2018-05-30,1.2615911702765992
2018-05-31,-0.6903336878120392
2018-06-01,1.0790764075641945
2018-06-04,0.4469595089461542
2018-06-05,0.07023711683356026
2018-06-06,0.8530883175666304
2018-06-07,-0.07144506972114328
2018-06-08,0.31210606659346496
2018-06-11,0.10681475490628145
2018-06-12,0.174183223690072
2018-06-13,-0.40341772794629804
2018-06-14,0.2468461812028977
2018-06-15,-0.10175922059643128
2018-06-18,-0.2128422800087293
2018-06-19,-0.4031549765964648
2018-06-20,0.1710697336311462
2018-06-21,-0.6365707692292055
2018-06-22,0.18602493447312796
2018-06-25,-1.3819790665146492
2018-06-26,0.22021541473096207
2018-06-27,-0.8641521386802076
2018-06-28,0.6159615039220689
2018-06-29,0.07580943491278802
2018-07-02,0.3063318269638238
2018-07-03,-0.4959632808581027
2018-07-05,0.858380669408465
2018-07-06,0.8445532084703444
2018-07-09,0.8784343615274359
2018-07-10,0.3467189799676085
2018-07-11,-0.7119461953973172
2018-07-12,0.8710984661528975
2018-07-13,0.10786485794733736
2018-07-16,-0.10286192765862623
2018-07-17,0.39657825363441646
2018-07-18,0.2158157835582486
2018-07-19,-0.3960781746415343
2018-07-20,-0.09489291369755293
2018-07-23,0.1836397184893812
2018-07-24,0.4769546552918058
2018-07-25,0.9060376426541339
2018-07-26,-0.3036858079784821
2018-07-27,-0.6583879546122162
2018-07-30,-0.5770799909402768
2018-07-31,0.4872858193981422
2018-08-01,-0.10409173801422256
2018-08-02,0.49143981274095694
2018-08-03,0.4633387321150373
2018-08-06,0.3532051293110072
2018-08-07,0.28201845679713955
2018-08-08,-0.02624143888114716
2018-08-09,-0.1442759141442096
2018-08-10,-0.7139295225622178
2018-08-13,-0.40140031013784494
2018-08-14,0.6368919546678065
2018-08-15,-0.7631263915858
2018-08-16,0.7888276759113744
2018-08-17,0.3317626865218415
2018-08-20,0.24250166951826913
2018-08-21,0.20664306891218231
2018-08-22,-0.03982685850179024
2018-08-23,-0.16926632005294096
2018-08-24,0.6179719474591394
2018-08-27,0.7641124395723509
2018-08-28,0.026923196567363306
2018-08-29,0.5685235804660849
2018-08-30,-0.4440118245784497
2018-08-31,0.013442134217545032
2018-09-04,-0.16556752036844813
2018-09-05,-0.2807106722542585
2018-09-06,-0.36589741948480636
2018-09-07,-0.22157571246541607
2018-09-10,0.18960451407243895
2018-09-11,0.373286215637858
2018-09-12,0.035659819551447924
2018-09-13,0.5268348654683841
2018-09-14,0.02754270858638108
2018-09-17,-0.5585314617481352
2018-09-18,0.5354649595431304
2018-09-19,0.12525249991828247
2018-09-20,0.780999739407573
2018-09-21,-0.0368574270180666
2018-09-24,-0.3521949122205825
2018-09-25,-0.1305928448663174
2018-09-26,-0.32946695026323525
2018-09-27,0.2759466146894596
2018-09-28,-0.0006863441535109871
2018-10-01,0.3634455587306462
2018-10-02,-0.039671547471265
2018-10-03,0.0711240015347947
2018-10-04,-0.8203069104388838
2018-10-05,-0.5543301253227106
2018-10-08,-0.03951473188328336
2018-10-09,-0.14189640475690268
2018-10-10,-3.3416333989062075
2018-10-11,-2.0787647463574643
2018-10-12,1.4106320709680986
2018-10-15,-0.5922538841602432
2018-10-16,2.126787003864994
2018-10-17,-0.02527081607928139
2018-10-18,-1.4496515061646065
2018-10-19,-0.036123513910180094
2018-10-22,-0.4308743988789665
2018-10-23,-0.5527097324213415
2018-10-24,-3.1350832007118967
2018-10-25,1.8453729479332104
2018-10-26,-1.7479090705259992
2018-10-29,-0.6581230333774002
2018-10-30,1.5545366655689286
2018-10-31,1.0792838671998872
2018-11-01,1.0502452503905246
2018-11-02,-0.6336699810106872
2018-11-05,0.558469381702853
2018-11-06,0.6239826862748821
2018-11-07,2.0987099015789212
2018-11-08,-0.25121349979597696
2018-11-09,-0.9241561593021252
2018-11-12,-1.989813672759233
2018-11-13,-0.14830044565128375
2018-11-14,-0.7596242848709522
2018-11-15,1.0538079545353796
2018-11-16,0.222081251512396
2018-11-19,-1.67831468390931
2018-11-20,-1.831796215430881
2018-11-21,0.30386544464438003
2018-11-23,-0.657646776585441
2018-11-26,1.5413016366781385
2018-11-27,0.3256395228059539
2018-11-28,2.2714007938884784
2018-11-29,-0.2200108521254407
2018-11-30,0.8152204233589089
2018-12-03,1.0881931492828123
2018-12-04,-3.2900208542344878
2018-12-06,-0.15233481015792805
2018-12-07,-2.359638323855595
2018-12-10,0.17606440003854473
2018-12-11,-0.03564318930520116
2018-12-12,0.5404856335625041
2018-12-13,-0.0199939264398985
2018-12-14,-1.9271178750727813
2018-12-17,-2.0992280594401613
2018-12-18,0.008640835809892167
2018-12-19,-1.551547811321008
2018-12-20,-1.5897793403096827
2018-12-21,-2.0803200653483067
2018-12-24,-2.748656592240728
2018-12-26,4.8403238994109365
2018-12-27,0.852617779166831
2018-12-28,-0.12423185913208457
2018-12-31,0.8456582977787619
2019-01-02,0.1267720346464607
2019-01-03,-2.5068276263535694
2019-01-04,3.3759378318729105
2019-01-07,0.6985975834124858
2019-01-08,0.9648598495866523
2019-01-09,0.4089652304170244
2019-01-10,0.4508267632578722
2019-01-11,-0.014635367547111144
2019-01-14,-0.5271432420136613
2019-01-15,1.0664641768124206
2019-01-16,0.22195019060893273
2019-01-17,0.7562782854257932
2019-01-18,1.3096912647037051
2019-01-22,-1.425845436347739
2019-01-23,0.22004713333094728
2019-01-24,0.13747320396557683
2019-01-25,0.8452893602496125
2019-01-28,-0.7877809121116464
2019-01-29,-0.14572709979780996
2019-01-30,1.542959167924618
2019-01-31,0.8560630907941125
2019-02-01,0.0898231874432831
2019-02-04,0.675334893535684
2019-02-05,0.46974312794425543
2019-02-06,-0.22269728784429788
2019-02-07,-0.9401171920809581
2019-02-08,0.06760338865472448
2019-02-11,0.07087905082547863
2019-02-12,1.2807878037835785
2019-02-13,0.30194138361174794
2019-02-14,-0.2655145628696509
2019-02-15,1.0819962367806468
2019-02-19,0.14976529973074193
2019-02-20,0.17755546082875995
2019-02-21,-0.35326446287138324
2019-02-22,0.6390624438174619
2019-02-25,0.12310380564022338
2019-02-26,-0.0790696301129934
2019-02-27,-0.05441904227900807
2019-02-28,-0.28295460586900134
2019-03-01,0.6871673980360704
2019-03-04,-0.38881492742657286
2019-03-05,-0.11321175028617958
2019-03-06,-0.6545490992497349
2019-03-07,-0.81589038889609
2019-03-08,-0.21340139198384733
2019-03-11,1.4559542940995485
2019-03-12,0.2948976274417703
2019-03-13,0.6925581547047699
2019-03-14,-0.08684201706037342
2019-03-15,0.4972519373935391
2019-03-18,0.3699110562036978
2019-03-19,-0.013061489628451994
2019-03-20,-0.29486656918287224
2019-03-21,1.0794049627223856
2019-03-22,-1.915685423505309
2019-03-25,-0.08394251681052012
2019-03-26,0.715710519489221
2019-03-27,-0.46551989086820456
2019-03-28,0.35831172994038596
2019-03-29,0.6711719685688067
2019-04-01,1.1502181500052444
2019-04-02,0.0017438524841040248
2019-04-03,0.21461030004630288
2019-04-04,0.20824685638523022
2019-04-05,0.4625683691842575
2019-04-08,0.10469016298637612
2019-04-09,-0.6085952726104793
2019-04-10,0.3471834314500377
2019-04-11,0.003808514800862639
2019-04-12,0.6587632286936262
2019-04-15,-0.06296243621459752
2019-04-16,0.05092350573869808
2019-04-17,-0.22763638303944234
2019-04-18,0.15778199046989627
2019-04-22,0.10115259764935658
2019-04-23,0.8802364401891971
2019-04-24,-0.2194191904615117
2019-04-25,-0.03690150415502913
2019-04-26,0.46743634859041094
2019-04-29,0.10708986882486116
2019-04-30,0.0950948132915741
2019-05-01,-0.7530412649501272
2019-05-02,-0.21262580234031603
2019-05-03,0.959217064148099
2019-05-06,-0.4481039666655029
2019-05-07,-1.6649515009818927
2019-05-08,-0.16066713268170218
2019-05-09,-0.30260155887189555
2019-05-10,0.37134177564537296
2019-05-13,-2.4426544706444453
2019-05-14,0.7984060207655297
2019-05-15,0.582197702081011
2019-05-16,0.8855919648712351
2019-05-17,-0.5854423653127938
2019-05-20,-0.6772240853415212
2019-05-21,0.8459904713623345
2019-05-22,-0.28283616990023575
2019-05-23,-1.1985681943016857
2019-05-24,0.1352619578427472
2019-05-28,-0.8410890934652748
2019-05-29,-0.6935955517473502
2019-05-30,0.20962411748000065
2019-05-31,-1.3283188023120118
2019-06-03,-0.27690315718498226
2019-06-04,2.120590232217978
2019-06-05,0.8128768500641037
2019-06-06,0.6116809555866354
2019-06-07,1.0442945224567346
2019-06-10,0.4649257428951614
2019-06-11,-0.03499380714622191
2019-06-12,-0.20396984988728661
2019-06-13,0.4089078171241489
2019-06-14,-0.1612842169983253
2019-06-17,0.0931335703024061
2019-06-18,0.9670462557011206
2019-06-19,0.298073014106226
2019-06-20,0.9427615127716393
2019-06-21,-0.12600261801480883
2019-06-24,-0.17334348561242052
2019-06-25,-0.9541702315563505
2019-06-26,-0.12347459021464502
2019-06-27,0.38159225573179967
2019-06-28,0.5740911810812932
2019-07-01,0.7642995575579903
2019-07-02,0.29238703472564964
2019-07-03,0.7643076127193282
2019-07-05,-0.1807481995470539
2019-07-08,-0.48471859933751915
2019-07-09,0.12358159804266577
2019-07-10,0.45004847673171255
2019-07-11,0.22826717159194487
2019-07-12,0.46094985236422303
2019-07-15,0.01758440102275216
2019-07-16,-0.34095813595058644
2019-07-17,-0.6552626285154517
2019-07-18,0.35755356654512127
2019-07-19,-0.6195889687755418
2019-07-22,0.28247279603137443
2019-07-23,0.6824164701725977
2019-07-24,0.46771636608937683
2019-07-25,-0.5276251069020077
2019-07-26,0.7360474259664684
2019-07-29,-0.1617376729949882
2019-07-30,-0.2581972383094211
2019-07-31,-1.0945190319276321
2019-08-01,-0.9039586726804494
2019-08-02,-0.7309385354455245
2019-08-05,-3.0230162083586087
2019-08-06,1.2933013700776819
2019-08-07,0.07665958837028697
2019-08-08,1.8588425780335704
2019-08-09,-0.6638529760062184
2019-08-12,-1.2029650100344291
2019-08-13,1.465413043215591
2019-08-14,-2.9730363473091437
2019-08-15,0.24612367826906123
2019-08-16,1.4323116131046199
2019-08-19,1.203318530199482
2019-08-20,-0.7946252081149296
2019-08-21,0.8213006299500059
2019-08-22,-0.050620962947700576
2019-08-23,-2.628893555806666
2019-08-26,1.0923191173948688
2019-08-27,-0.32083318806845895
2019-08-28,0.6524141186801558
2019-08-29,1.26074354387411
2019-08-30,0.06426208211518514
2019-09-03,-0.6923029401107783
2019-09-04,1.0783722026351583
2019-09-05,1.292592289421357
2019-09-06,0.0910203918275343
2019-09-09,-0.009400484131827369
2019-09-10,0.03222655294408128
2019-09-11,0.7203659050794897
2019-09-12,0.2874970784835895
2019-09-13,-0.07246184436624503
2019-09-16,-0.3140535605966832
2019-09-17,0.2578428587945325
2019-09-18,0.034262353493552666
2019-09-19,0.001995503465579418
2019-09-20,-0.49076089603001805
2019-09-23,-0.009692756343504527
2019-09-24,-0.8452012089671612
2019-09-25,0.6139678900037637
2019-09-26,-0.24318711052062625
2019-09-27,-0.5330508411847568
2019-09-30,0.5034926684707841
2019-10-01,-1.233413022605756
2019-10-02,-1.8065441388606551
2019-10-03,0.7940382236732546
2019-10-04,1.4116741669229604
2019-10-07,-0.4488362257589529
2019-10-08,-1.5683166513284164
2019-10-09,0.9063350218849742
2019-10-10,0.6395208846051048
2019-10-11,1.0879533213144832
2019-10-14,-0.13880421740664062
2019-10-15,0.9906435272235115
2019-10-16,-0.20015477739079302
2019-10-17,0.2759018658343493
2019-10-18,-0.3927045645713889
2019-10-21,0.6848107497875233
2019-10-22,-0.3575055742610189
2019-10-23,0.284309358564272
2019-10-24,0.19185981834688448
2019-10-25,0.4064426332368143
2019-10-28,0.5565861774648795
2019-10-29,-0.08327422880682889
2019-10-30,0.3248047618049199
2019-10-31,-0.30274515138035696
2019-11-01,0.9615978507103051
2019-11-04,0.3697210802720008
2019-11-05,-0.1186434481407872
2019-11-06,0.07022791848285692
2019-11-07,0.2726406923544644
2019-11-08,0.25573557297846605
2019-11-11,-0.19643733188008383
2019-11-12,0.15633980380798107
2019-11-13,0.07112973716782989
2019-11-14,0.0836743083095115
2019-11-15,0.7666003452600378
2019-11-18,0.050300442070394524
2019-11-19,-0.05927388069810746
2019-11-20,-0.37632657632205024
2019-11-21,-0.15840312391350864
2019-11-22,0.21725739696911717
2019-11-25,0.747929872680686
2019-11-26,0.2193123145604048
2019-11-27,0.4165779003972858
2019-11-29,-0.40193171713447384
2019-12-02,-0.8668527546204174
2019-12-03,-0.6660171838372975
2019-12-04,0.630363868584638
2019-12-05,0.14991519920375396
2019-12-06,0.9094252040368289
2019-12-09,-0.31678491662230357
2019-12-10,-0.10975548602925045
2019-12-11,0.2903981065843553
2019-12-12,0.8538608499854661
2019-12-13,0.007258531539200419
2019-12-16,0.7122391651236626
2019-12-17,0.033521461097762995
2019-12-18,-0.04323538601678223
2019-12-19,0.44493085995842563
2019-12-20,0.4932641459037157
2019-12-23,0.08657565903060771
2019-12-24,-0.01954279179656737
2019-12-26,0.511505318207206
2019-12-27,0.0033950984041908328
2019-12-30,-0.5797602177576522
2019-12-31,0.29416937024926426
2020-01-02,0.8343874454693534
2020-01-03,-0.7084909578082943
2020-01-06,0.3527166358322731
2020-01-07,-0.28071449428903605
2020-01-08,0.48904373587372874
2020-01-09,0.6633244037574926
2020-01-10,-0.28593073050462436
2020-01-13,0.6952059592316928
2020-01-14,-0.15156867317731582
2020-01-15,0.1868408623343143
2020-01-16,0.8331741632201073
2020-01-17,0.3854705717721174
2020-01-21,-0.2655476937141188
2020-01-22,0.028904605969515274
2020-01-23,0.11403144471451299
2020-01-24,-0.9083268789936483
2020-01-27,-1.585572511838329
2020-01-28,1.0003350352588924
2020-01-29,-0.08672232910491573
2020-01-30,0.3129453862989351
2020-01-31,-1.786447639264388
2020-02-03,0.7228455862911431
2020-02-04,1.4869265218065308
2020-02-05,1.118782288293474
2020-02-06,0.3320128729662031
2020-02-07,-0.5415470514540388
2020-02-10,0.7299652162371828
2020-02-11,0.16870749056518974
2020-02-12,0.6441867553744984
2020-02-13,-0.1631773441966189
2020-02-14,0.1841844733833753
2020-02-18,-0.2924251578310333
2020-02-19,0.46947887144419553
2020-02-20,-0.382284047783088
2020-02-21,-1.057381502289445
2020-02-24,-3.40880461205213
2020-02-25,-3.0747925188098435
2020-02-26,-0.3785675340731487
2020-02-27,-4.516817410065332
2020-02-28,-0.8272449914275448
2020-03-02,4.5010865172777415
2020-03-03,-2.851053026190442
2020-03-04,4.133635094064125
2020-03-05,-3.451072562469726
2020-03-06,-1.720100245461964
2020-03-09,-7.901039484826633
2020-03-10,4.821508053580015
2020-03-11,-5.010285683741067
2020-03-12,-9.994485184600777
2020-03-13,8.880835644074647
2020-03-16,-12.765214115647261
2020-03-17,5.82262866907417
2020-03-18,-5.32223362214248
2020-03-19,0.4696846277420619
2020-03-20,-4.432763474315848
2020-03-23,-2.9731491257259712
2020-03-24,8.968315694821616
2020-03-25,1.1468998674479813
2020-03-26,6.054382875166731
2020-03-27,-3.4267808022629076
2020-03-30,3.2966616221455247
2020-03-31,-1.6142381973062392
2020-04-01,-4.514632872715207
2020-04-02,2.257269570362297
2020-04-03,-1.525286023195438
2020-04-06,6.7968230567686305
2020-04-07,-0.1604331662951708
2020-04-08,3.348934524468916
2020-04-09,1.438343869822667
2020-04-13,-1.0155992507349332
2020-04-14,3.011449655045695
2020-04-15,-2.2276750679012913
2020-04-16,0.5799858992437734
2020-04-17,2.644092907918516
2020-04-20,-1.8042794099790704
2020-04-21,-3.1155167779795434
2020-04-22,2.2671301062101357
2020-04-23,-0.05395641810270746
2020-04-24,1.3822111461720077
2020-04-27,1.4606871524448728
2020-04-28,-0.5256139460119158
2020-04-29,2.6236663207249045
2020-04-30,-0.925511652526545
2020-05-01,-2.846022068682874
2020-05-04,0.42408122145936034
2020-05-05,0.8999952189538085
2020-05-06,-0.7003873398600646
2020-05-07,1.1438948664054038
2020-05-08,1.6730758062550422
2020-05-11,0.017747076898189107
2020-05-12,-2.0757791338385623
2020-05-13,-1.761695579410727
2020-05-14,1.1458917804072044
2020-05-15,0.39186922544356406
2020-05-18,3.1015221473356114
2020-05-19,-1.0539757419425477
2020-05-20,1.6513934417861975
2020-05-21,-0.7803935472623813
2020-05-22,0.2350965520251158
2020-05-26,1.2214261971749352
2020-05-27,1.4718492616298207
2020-05-28,-0.21101714760458634
2020-05-29,0.4800767858805344
2020-06-01,0.37442421170172935
2020-06-02,0.8177278702023116
2020-06-03,1.3556655475682078
2020-06-04,-0.3374382935046327
2020-06-05,2.5874065601552587
2020-06-08,1.1969668235860098
2020-06-09,-0.7829755338198296
2020-06-10,-0.5327243376571644
2020-06-11,-6.075275919869227
2020-06-12,1.2976299868565633
2020-06-15,0.827785142343096
2020-06-16,1.8784884652673028
2020-06-17,-0.3606796221337305
2020-06-18,0.05940120550409489
2020-06-19,-0.5665482200965855
2020-06-22,0.6474055690439684
2020-06-23,0.42981911703137143
2020-06-24,-2.619527873275551
2020-06-25,1.089985017340922
2020-06-26,-2.4525217335130023
2020-06-29,1.457890753907165
2020-06-30,1.529233363767979
2020-07-01,0.5009542099664088
2020-07-02,0.4531001832653203
2020-07-06,1.5756943165827764
2020-07-07,-1.0877508816987458
2020-07-08,0.779702648129188
2020-07-09,-0.5659625451288619
2020-07-10,1.0411813000986925
2020-07-13,-0.9406623666484037
2020-07-14,1.3317285189446082
2020-07-15,0.9041044884783744
2020-07-16,-0.3411918313160456
2020-07-17,0.2844589903158834
2020-07-20,0.8371764170464147
2020-07-21,0.1677641372159755
2020-07-22,0.5730639622957057
2020-07-23,-1.2396345287241317
2020-07-24,-0.6209630744304917
2020-07-27,0.7367919510066656
2020-07-28,-0.649444434468549
2020-07-29,1.2351783128252691
2020-07-30,-0.37573107206831935
2020-07-31,0.7641191392371738
2020-08-03,0.7155365883905418
2020-08-04,0.36054526780180396
2020-08-05,0.6409157519801312
2020-08-06,0.6407158132423874
2020-08-07,0.06327942853729951
2020-08-10,0.27384827334753226
2020-08-11,-0.800104654322098
2020-08-12,1.3899455827980134
2020-08-13,-0.20492235227109745
2020-08-14,-0.017194661396580102
2020-08-17,0.27062093485916705
2020-08-18,0.23007288895726674
2020-08-19,-0.4414143638946655
2020-08-20,0.3153680820281224
2020-08-21,0.3435228739302687
2020-08-24,0.9993580954931858
2020-08-25,0.35898742533948536
2020-08-26,1.0144040989640501
2020-08-27,0.1671626404583293
2020-08-28,0.6710014078512572
2020-08-31,-0.219738913128964
2020-09-01,0.7496875851233042
2020-09-02,1.524899790823575
2020-09-03,-3.5757586556313115
2020-09-04,-0.8166252396865303
2020-09-08,-2.8148866864059485
2020-09-09,1.9944798533671815
2020-09-10,-1.7741239870586512
2020-09-11,0.05329213797651278
2020-09-14,1.266131471119003
2020-09-15,0.5205811831507035
2020-09-16,-0.46296583637452926
2020-09-17,-0.8447955322131051
2020-09-18,-1.1245565213034325
2020-09-21,-1.1638590711243069
2020-09-22,1.0463013638869256
2020-09-23,-2.400729416109293
2020-09-24,0.2982954347357847
2020-09-25,1.5850478138508706
2020-09-28,1.598215087400412
2020-09-29,-0.48242447838084956
2020-09-30,0.8219833784947284
2020-10-01,0.527893512152211
2020-10-02,-0.961780214318253
2020-10-05,1.7815885301178724
2020-10-06,-1.4086778930183286
2020-10-07,1.7256047320879375
2020-10-08,0.7975248642445365
2020-10-09,0.8752272809347872
2020-10-12,1.6285383484969884
2020-10-13,-0.6326880453748629
2020-10-14,-0.6645169155040875
2020-10-15,-0.1528971139844515
2020-10-16,0.013491886947036846
2020-10-19,-1.6464623898633235
2020-10-20,0.4716138487298238
2020-10-21,-0.21980970313855153
2020-10-22,0.520537388632647
2020-10-23,0.3439866491129706
2020-10-26,-1.8764495369547163
2020-10-27,-0.3030193803752468
2020-10-28,-3.5925571226009367
2020-10-29,1.18765014438047
2020-10-30,-1.2203669046733978
2020-11-02,1.2242941894852422
2020-11-03,1.7642760820757886
2020-11-04,2.180751658433522
2020-11-05,1.9273262670013835
2020-11-06,-0.028775379869649953
2020-11-09,1.1631958050303481
2020-11-10,-0.14007834839127042
2020-11-11,0.7622761226929953
2020-11-12,-1.002867890894521
2020-11-13,1.3518576706374574
2020-11-16,1.1580731916657427
2020-11-17,-0.48034761341035903
2020-11-18,-1.1631213479601499
2020-11-19,0.3938653922539004
2020-11-20,-0.6815715636271591
2020-11-23,0.56200945950593
2020-11-24,1.6032507557284248
2020-11-25,-0.15856720266285151
2020-11-27,0.2394057279952122
2020-11-30,-0.4606081438497611
2020-12-01,1.1208121636018475
2020-12-02,0.1789548534858909
2020-12-03,-0.06243414287023796
2020-12-04,0.879742404541517
2020-12-07,-0.19374711787083498
2020-12-08,0.27832605897479823
2020-12-09,-0.7980983560702981
2020-12-10,-0.1285942538656215
2020-12-11,-0.1265760798382587
2020-12-14,-0.4368796230528105
2020-12-15,1.2838447626448257
2020-12-16,0.17712784469292586
2020-12-17,0.5741126947631514
2020-12-18,-0.3517278505022148
2020-12-21,-0.39139310369780134
2020-12-22,-0.2075268484142967
2020-12-23,0.07455332737915654
2020-12-24,0.35303368029282467
2020-12-28,0.8684694603369181
2020-12-29,-0.22298465500121267
2020-12-30,0.13406481091209344
2020-12-31,0.6418196978792423
2021-01-04,-1.4864718123371645
2021-01-05,0.7057576170721447
2021-01-06,0.5693660866217698
2021-01-07,1.4738221178340893
2021-01-08,0.5476865536104825
2021-01-11,-0.65763737616642
2021-01-12,0.041574571696578744
2021-01-13,0.2273017902771457
2021-01-14,-0.3760500291052793
2021-01-15,-0.7215990506594494
2021-01-19,0.8103480771509908
2021-01-20,1.3839368887685666
2021-01-21,0.031668077285651464
2021-01-22,-0.3015127294927922
2021-01-25,0.36092820235467116
2021-01-26,-0.1489945739473697
2021-01-27,-2.6013289892048874
2021-01-28,0.9713334927598183
2021-01-29,-1.950040596712732
2021-02-01,1.592426914071865
2021-02-02,1.380254196564934
2021-02-03,0.10082963259936406
2021-02-04,1.079482976893864
2021-02-05,0.38898969855534204
2021-02-08,0.7372105129887174
2021-02-09,-0.11141179817588664
2021-02-10,-0.03452195438775618
2021-02-11,0.1661074764843562
2021-02-12,0.4699921149025954
2021-02-16,-0.056943700997891256
2021-02-17,-0.03204508720298094
2021-02-18,-0.442558686962613
2021-02-19,-0.18566165820494973
2021-02-22,-0.7762902892533674
2021-02-23,0.12554994192246482
2021-02-24,1.1287715277781274
2021-02-25,-2.4783434790563774
2021-02-26,-0.4761483718072057
2021-03-01,2.351213008199693
2021-03-02,-0.8113671312553805
2021-03-03,-1.3152318131986362
2021-03-04,-1.350803796008293
2021-03-05,1.9308363815584428
2021-03-08,-0.537368403054117
2021-03-09,1.4055441418612702
2021-03-10,0.6012173623114236
2021-03-11,1.0341818218279286
2021-03-12,0.1014883350162421
2021-03-15,0.6470976590856381
2021-03-16,-0.15709218841468697
2021-03-17,0.2875205304977868
2021-03-18,-1.487052060181071
2021-03-19,-0.06029206064699366
2021-03-22,0.7000559550654373
2021-03-23,-0.7660100809948389
2021-03-24,-0.5482303984823744
2021-03-25,0.52265508159266
2021-03-26,1.6494413826352528
2021-03-29,-0.08684019308251578
2021-03-30,-0.3162819611880252
2021-03-31,0.3615992965993797
2021-04-01,1.1755774236888783
2021-04-05,1.4335038467166328
2021-04-06,-0.09740121110812794
2021-04-07,0.1474143283354934
2021-04-08,0.4211758040806757
2021-04-09,0.7690316372556794
2021-04-12,-0.019620215667437435
2021-04-13,0.3289166381145847
2021-04-14,-0.4096179929696575
2021-04-15,1.1033158016154232
2021-04-16,0.36022533265391843
2021-04-19,-0.5320582266875817
2021-04-20,-0.6825603130707236
2021-04-21,0.9263025469113728
2021-04-22,-0.9253351856793657
2021-04-23,1.0869423861540994
2021-04-26,0.17806378908797882
2021-04-27,-0.021494231270047237
2021-04-28,-0.08458882928294997
2021-04-29,0.6740032543708807
2021-04-30,-0.7220643718202524
2021-05-03,0.2744265697041115
2021-05-04,-0.6700737740406026
2021-05-05,0.0703291456874311
2021-05-06,0.813223411591224
2021-05-07,0.7346296237811245
2021-05-10,-1.049049939902602
2021-05-11,-0.8711731693216151
2021-05-12,-2.1682768452684797
2021-05-13,1.209965419220005
2021-05-14,1.4807755166462044
2021-05-17,-0.2533244169402593
2021-05-18,-0.8553781927838955
2021-05-19,-0.2947775595103508
2021-05-20,1.049944386861057
2021-05-21,-0.07841270013955182
2021-05-24,0.9862511119054673
2021-05-25,-0.21275639556268544
2021-05-26,0.18749737128445076
2021-05-27,0.11647198427056082
2021-05-28,0.0768591077205727
2021-06-01,-0.04924965749690813
2021-06-02,0.14458704850337512
2021-06-03,-0.36352984992422677
2021-06-04,0.8795294352097471
2021-06-07,-0.0797028568481295
2021-06-08,0.017506961427571355
2021-06-09,-0.1825541746812931
2021-06-10,0.4641367023083376
2021-06-11,0.1946594193743323
2021-06-14,0.18135655401927409
2021-06-15,-0.20137061101781484
2021-06-16,-0.5404786783293147
2021-06-17,-0.043573191810075684
2021-06-18,-1.3211434948255274
2021-06-21,1.3905201143733947
2021-06-22,0.5111429423335423
2021-06-23,-0.10838474815404453
2021-06-24,0.5794337776571012
2021-06-25,0.3325072472303958
2021-06-28,0.2312366351411299
2021-06-29,0.027731138634301544
2021-06-30,0.13272329146101214
2021-07-01,0.5208054995812006
2021-07-02,0.7472118231364178
2021-07-06,-0.20239476634920095
2021-07-07,0.33533824363036757
2021-07-08,-0.8597867216574073
2021-07-09,1.1214829918571922
2021-07-12,0.3445214723939216
2021-07-13,-0.3523028967647335
2021-07-14,0.11642922750674245
2021-07-15,-0.32675689369963123
2021-07-16,-0.7567500391697735
2021-07-19,-1.5996800327963356
2021-07-20,1.5048847488143835
2021-07-21,0.8208068658884571
2021-07-22,0.2014630238242887
2021-07-23,1.0094319060165446
2021-07-26,0.23794199422138007
2021-07-27,-0.47236186726493656
2021-07-28,-0.01863191743716186
2021-07-29,0.4197385011620369
2021-07-30,-0.5420682382194286
2021-08-02,-0.18445946098477606
2021-08-03,0.8170019032652576
2021-08-04,-0.464320822964126
2021-08-05,0.5987499431546084
2021-08-06,0.16738821949289218
2021-08-09,-0.09403678951880323
2021-08-10,0.09922089864762285
2021-08-11,0.24649821979920716
2021-08-12,0.2947738741944761
2021-08-13,0.1606033834480769
2021-08-16,0.26174309818660646
2021-08-17,-0.7085769790768026
2021-08-18,-1.0806639720144062
2021-08-19,0.12559520255734924
2021-08-20,0.8108577149078755
2021-08-23,0.8487698356534068
2021-08-24,0.14945751943340468
2021-08-25,0.22176660815187432
2021-08-26,-0.5841962859470584
2021-08-27,0.8769045552897481
2021-08-30,0.42973414690568035
2021-08-31,-0.13500571571327669
2021-09-01,0.031171346489777818
2021-09-02,0.283852816777852
2021-09-03,-0.03350829692383428
2021-09-07,-0.34012661634807984
2021-09-08,-0.13194454045599713
2021-09-09,-0.4616238276287987
2021-09-10,-0.7752617623131286
2021-09-13,0.22739222394125846
2021-09-14,-0.576317437780105
2021-09-15,0.8438206673245574
2021-09-16,-0.15523011230360595
2021-09-17,-0.9152683146432139
2021-09-20,-1.7123020373770004
2021-09-21,-0.08126796836602779
2021-09-22,0.9474540664092146
2021-09-23,1.2061715863250555
2021-09-24,0.14599428049599794
2021-09-27,-0.27802175328766054
2021-09-28,-2.057432158747474
2021-09-29,0.15679363733056562
2021-09-30,-1.198122097381571
2021-10-01,1.1425952216360002
2021-10-04,-1.307093399993775
2021-10-05,1.0469458977262036
2021-10-06,0.4094493547635025
2021-10-07,0.8264047735016433
2021-10-08,-0.1915574290977773
2021-10-11,-0.6889463790468398
2021-10-12,-0.24196966754637117
2021-10-13,0.30179781813099993
2021-10-14,1.6919170336134215
2021-10-15,0.7432441620920827
2021-10-18,0.3369122716966544
2021-10-19,0.7366160006043287
2021-10-20,0.36573205869530057
2021-10-21,0.29914274720983514
2021-10-22,-0.10731549583589128
2021-10-25,0.4736942230948671
2021-10-26,0.181812861650954
2021-10-27,-0.5064400451443518
2021-10-28,0.9781344040089124
2021-10-29,0.1947445680576365
2021-11-01,0.17984504334940254
2021-11-02,0.36736112761168727
2021-11-03,0.6440511240473512
2021-11-04,0.41731721062596705
2021-11-05,0.37259083006286886
2021-11-08,0.0887306784404629
2021-11-09,-0.3504869385574594
2021-11-10,-0.8259833757376711
2021-11-11,0.05507757255749368
2021-11-12,0.71966809110382
2021-11-15,-0.0010677315508189622
2021-11-16,0.38577581225869295
2021-11-17,-0.26050195943359
2021-11-18,0.33790397745132594
2021-11-19,-0.1399627987058949
2021-11-22,-0.3202254119567982
2021-11-23,0.1655707232783854
2021-11-24,0.22912737234968006
2021-11-26,-2.29870449732843
2021-11-29,1.311385739268367
2021-11-30,-1.9143376992335703
2021-12-01,-1.1885550113429844
2021-12-02,1.4094625715696196
2021-12-03,-0.8484472537633181
2021-12-06,1.166265505592179
2021-12-07,2.0495586171746183
2021-12-08,0.30805438956171827
2021-12-09,-0.7207038387209153
2021-12-10,0.9503806818878857
2021-12-13,-0.9178200213042942
2021-12-14,-0.7498643121873982
2021-12-15,1.6216212899903937
2021-12-16,-0.8781825842753221
2021-12-17,-1.0341010906644854
2021-12-20,-1.1453373010201773
2021-12-21,1.7621763861807693
2021-12-22,1.012871135227833
2021-12-23,0.6204416895323916
2021-12-27,1.3744072068897495
2021-12-28,-0.10106980314379399
2021-12-29,0.14009215802239794
2021-12-30,-0.29942175300767815
2021-12-31,-0.26296753415451235
2022-01-03,0.6353848835551901
2022-01-04,-0.0629816185405474
2022-01-05,-1.958327277580274
2022-01-06,-0.09641755290861198
2022-01-07,-0.40584367372051844
2022-01-10,-0.14421248375171558
2022-01-11,0.9118332112992178
2022-01-12,0.2813734056029915
2022-01-13,-1.4345962458905959
2022-01-14,0.08195772127130851
2022-01-18,-1.8559054584436296
2022-01-19,-0.9736769104655707
2022-01-20,-1.1098789654239383
2022-01-21,-1.9095986358635741
2022-01-24,0.27679180076169985
2022-01-25,-1.2246661962160843
2022-01-26,-0.149775250307016
2022-01-27,-0.5398540617997938
2022-01-28,2.4055891707797983
2022-01-31,1.8709891511397458
2022-02-01,0.6839508503304614
2022-02-02,0.9378434574516703
2022-02-03,-2.469348416817496
2022-02-04,0.5143713090857815
2022-02-07,-0.37086548006097786
2022-02-08,0.8366130962778939
2022-02-09,1.4412812398356678
2022-02-10,-1.8281803510330263
2022-02-11,-1.9151696234066762
2022-02-14,-0.3847942065318577
2022-02-15,1.564373921237383
2022-02-16,0.08808327792149129
2022-02-17,-2.1400503004024074
2022-02-18,-0.7192042117619479
2022-02-22,-1.0194654042816609
2022-02-23,-1.858379019433265
2022-02-24,1.484605971153563
2022-02-25,2.212614836475524
2022-02-28,-0.24456003393247272
2022-03-01,-1.5594426756136315
2022-03-02,1.8470983448990452
2022-03-03,-0.5268565551901361
2022-03-04,-0.7965657901415568
2022-03-07,-2.9962522550535553
2022-03-08,-0.7260127998096166
2022-03-09,2.5373672345635256
2022-03-10,-0.4301081899390269
2022-03-11,-1.304628828451193
2022-03-14,-0.7448628397105139
2022-03-15,2.118255114065626
2022-03-16,2.21369988429565
2022-03-17,1.2272191404502308
2022-03-18,1.1594770446318847
2022-03-21,-0.043476799985597836
2022-03-22,1.1240769260245642
2022-03-23,-1.2348713151043356
2022-03-24,1.4242030309045361
2022-03-25,0.5053402374178617
2022-03-28,0.7119559648820939
2022-03-29,1.218202728525597
2022-03-30,-0.6313610350948906
2022-03-31,-1.577632727939715
2022-04-01,0.34044855260564333
2022-04-04,0.805832262263273
2022-04-05,-1.2631155137048822
2022-04-06,-0.9764386222700594
2022-04-07,0.42443524395103793
2022-04-08,-0.2654507487976687
2022-04-11,-1.7021333762949453
2022-04-12,-0.34233936348684324
2022-04-13,1.1112682823132047
2022-04-14,-1.2218479951524586
2022-04-18,-0.020491150171686456
2022-04-19,1.593004016149635
2022-04-20,-0.0618718957692721
2022-04-21,-1.486284731647558
2022-04-22,-2.813199052103066
2022-04-25,0.5681687572860028
2022-04-26,-2.8550028430272434
2022-04-27,0.20959051404112472
2022-04-28,2.4445646004581434
2022-04-29,-3.6959202326858787
2022-05-02,0.5659270037375208
2022-05-03,0.4825441551572496
2022-05-04,2.942523504760608
2022-05-05,-3.630072399124984
2022-05-06,-0.5690318260649363
2022-05-09,-3.2561554986877184
2022-05-10,0.2454867109817016
2022-05-11,-1.6600202520525187
2022-05-12,-0.12968422441890226
2022-05-13,2.3589314531626826
2022-05-16,-0.3954237650276582
2022-05-17,1.9968898134441915
2022-05-18,-4.123376798544065
2022-05-19,-0.5850892213604908
2022-05-20,0.014611357151927962
2022-05-23,1.838502294652855
2022-05-24,-0.8153945948249586
2022-05-25,0.9406385602540368
2022-05-26,1.9688139439344
2022-05-27,2.4441095491292586
2022-05-31,-0.6294055196399029
2022-06-01,-0.7510923912143141
2022-06-02,1.8263262738202002
2022-06-03,-1.648245720240027
2022-06-06,0.31324562641241727
2022-06-07,0.9478331934065665
2022-06-08,-1.0852585537421078
2022-06-09,-2.408646993373331
2022-06-10,-2.9542425335362665
2022-06-13,-3.953987319895802
2022-06-14,-0.3780844063994593
2022-06-15,1.4487056184645297
2022-06-16,-3.3052215017084663
2022-06-17,0.2198428750711301
2022-06-21,2.4182488501784505
2022-06-22,-0.13023811491290616
2022-06-23,0.9487049060657782
2022-06-24,3.010553708080721
2022-06-27,-0.29775299301260105
2022-06-28,-2.034865838324862
2022-06-29,-0.07120065009615928
2022-06-30,-0.879781483060782
2022-07-01,1.049845991564169
2022-07-05,0.15829235665787422
2022-07-06,0.35667473495824
2022-07-07,1.4853713471199015
2022-07-08,-0.08305563153676587
2022-07-11,-1.1594429978107001
2022-07-12,-0.9286899019016914
2022-07-13,-0.4466859031662551
2022-07-14,-0.30031001895842735
2022-07-15,1.901922349251528
2022-07-18,-0.8398790728859851
2022-07-19,2.725355801980278
2022-07-20,0.5878503718333761
2022-07-21,0.9813054238449581
2022-07-22,-0.9376269923423663
2022-07-25,0.1314251236346209
2022-07-26,-1.161033289574931
2022-07-27,2.5820034533563074
2022-07-28,1.2060363275690378
2022-07-29,1.410774953829197
2022-08-01,-0.2827038634318768
2022-08-02,-0.6684702509966556
2022-08-03,1.5517460750034573
2022-08-04,-0.07776471390830153
2022-08-05,-0.16270689959387852
2022-08-08,-0.1238345410353503
2022-08-09,-0.4257782198347826
2022-08-10,2.1067154907855823
2022-08-11,-0.07056718966165221
2022-08-12,1.7174074409835427
2022-08-15,0.39616294239337435
2022-08-16,0.1873909275516894
2022-08-17,-0.7264078640478289
2022-08-18,0.2266944033161522
2022-08-19,-1.298386938135998
2022-08-22,-2.163242772528662
2022-08-23,-0.22403090640512602
2022-08-24,0.2911907251338164
2022-08-25,1.3993218645289573
2022-08-26,-3.426852674898484
2022-08-29,-0.6688723509263639
2022-08-30,-1.108936779165326
2022-08-31,-0.7847760257099878
2022-09-01,0.2991727649110487
2022-09-02,-1.0794530441165406
2022-09-06,-0.41034472098147035
2022-09-07,1.8174804228557662
2022-09-08,0.6589013388980547
2022-09-09,1.5155971507018862
2022-09-12,1.052863988146946
2022-09-13,-4.419911011958355
2022-09-14,0.3381271704881783
2022-09-15,-1.1382294724738173
2022-09-16,-0.7208044914246869
2022-09-19,0.6833745439536187
2022-09-20,-1.133612455307187
2022-09-21,-1.7264673789775031
2022-09-22,-0.8463309268931241
2022-09-23,-1.738282607756858
2022-09-26,-1.0394376865969335
2022-09-27,-0.21226109775351887
2022-09-28,1.948114438777715
2022-09-29,-2.1352776272161478
2022-09-30,-1.518139227639459
2022-10-03,2.555462879740844
2022-10-04,3.0125340865302164
2022-10-05,-0.20200133350627425
2022-10-06,-1.0297920383575132
2022-10-07,-2.840316716749136
2022-10-10,-0.752066754461822
2022-10-11,-0.6540572639369913
2022-10-12,-0.32961833504643323
2022-10-13,2.5634291446896995
2022-10-14,-2.3947163771952162
2022-10-17,2.613555691190683
2022-10-18,1.1362760181542697
2022-10-19,-0.6694436704711038
2022-10-20,-0.7982718516093001
2022-10-21,2.344776785243674
2022-10-24,1.181191705979856
2022-10-25,1.613576532526828
2022-10-26,-0.7415138056792614
2022-10-27,-0.6101172384331832
2022-10-28,2.43280345757686
2022-10-31,-0.7482306966124952
2022-11-01,-0.4109694089747151
2022-11-02,-2.531980282762092
2022-11-03,-1.0642409238982964
2022-11-04,1.352678145799402
2022-11-07,0.9568061802673
2022-11-08,0.5582267593981172
2022-11-09,-2.099677488708984
2022-11-10,5.395250428096254
2022-11-11,0.9198359044827242
2022-11-14,-0.8975957665020573
2022-11-15,0.8675381307597263
2022-11-16,-0.8286297872086124
2022-11-17,-0.3094109623736685
2022-11-18,0.4747288330236188
2022-11-21,-0.3891212801477195
2022-11-22,1.3488571921957515
2022-11-23,0.5897283130643416
2022-11-25,-0.028311094412991622
2022-11-28,-1.556465290556197
2022-11-29,-0.15931188727940082
2022-11-30,3.0478587582589256
2022-12-01,-0.08680002702714518
2022-12-02,-0.11953459028433144
2022-12-05,-1.8056283602074785
2022-12-06,-1.4503849921748468
2022-12-07,-0.1864084916263664
2022-12-08,0.7493612090724966
2022-12-09,-0.7376687214824429
2022-12-12,1.4178262831054056
2022-12-13,0.7263262233260903
2022-12-14,-0.6071158028412071
2022-12-15,-2.523746079196343
2022-12-16,-1.1200267830703936
2022-12-19,-0.9048278034292423
2022-12-20,0.10367470114189814
2022-12-21,1.4758594440962725
2022-12-22,-1.4557129502374977
2022-12-23,0.5850906388984001
2022-12-27,-0.4057826255055019
2022-12-28,-1.2093462699048985
2022-12-29,1.7310618960092228
2022-12-30,-0.25439680351091454
2023-01-03,-0.40085443908068896
2023-01-04,0.7510674075383861
2023-01-05,-1.1713902384517638
2023-01-06,2.2583841176025743
2023-01-09,-0.07679298504950083
2023-01-10,0.6954020552452533
2023-01-11,1.2767544131229158
2023-01-12,0.34101315868824145
2023-01-13,0.3988850553225731
2023-01-17,-0.203252611255067
2023-01-18,-1.5685001660276754
2023-01-19,-0.7667669607521077
2023-01-20,1.8741671559173056
2023-01-23,1.1811328415708644
2023-01-24,-0.07117296325205302
2023-01-25,-0.018174643434853976
2023-01-26,1.094771756997659
2023-01-27,0.24917027916835366
2023-01-30,-1.3053559781990742
2023-01-31,1.453628532231832
2023-02-01,1.0398089735209837
2023-02-02,1.459243121764331
2023-02-03,-1.04086439893738
2023-02-06,-0.6159416919169658
2023-02-07,1.2790383040920617
2023-02-08,-1.1142539811004326
2023-02-09,-0.8869043032445845
2023-02-10,0.21928652588769637
2023-02-13,1.1383550959928712
2023-02-14,-0.02804160812814871
2023-02-15,0.276928565518908
2023-02-16,-1.3884644172641458
2023-02-17,-0.2771285205906082
2023-02-21,-2.024478441412292
2023-02-22,-0.157478573277281
2023-02-23,0.531527346027616
2023-02-24,-1.0593457421727237
2023-02-27,0.3068304831167268
2023-02-28,-0.30405976856187067
2023-03-01,-0.473646161526986
2023-03-02,0.7553542016923487
2023-03-03,1.6018800257414867
2023-03-06,0.068692352399502
2023-03-07,-1.544563917395969
2023-03-08,0.14138210863556822
2023-03-09,-1.8631872945281458
2023-03-10,-1.4583974750191686
2023-03-13,-0.1510881613258519
2023-03-14,1.6342380801372514
2023-03-15,-0.700533639823675
2023-03-16,1.7409551286965197
2023-03-17,-1.1080586449226715
2023-03-20,0.8878824909595906
2023-03-21,1.2898635541985115
2023-03-22,-1.6600211922495944
2023-03-23,0.29800838470404045
2023-03-24,0.5623958124209238
2023-03-27,0.16455897389313634
2023-03-28,-0.15750808409311645
2023-03-29,1.4136861145887636
2023-03-30,0.5698994460608731
2023-03-31,1.4333332809426835
2023-04-03,0.3692093649517503
2023-04-04,-0.5813920385207894
2023-04-05,-0.24954291924714767
2023-04-06,0.3572739725370866
2023-04-10,0.09958450470115565
2023-04-11,-0.004137234502721299
2023-04-12,-0.41434586507982374
2023-04-13,1.3175446748329378
2023-04-14,-0.2071498810490624
2023-04-17,0.33007789687626854
2023-04-18,0.08547842551518414
2023-04-19,-0.008424204429147153
2023-04-20,-0.5970339945818637
2023-04-21,0.09027859909256364
2023-04-24,0.08512120612227392
2023-04-25,-1.5937145594968172
2023-04-26,-0.38486098771102206
2023-04-27,1.9377167380001836
2023-04-28,0.8219359612569477
2023-05-01,-0.03862138497261469
2023-05-02,-1.165389752800472
2023-05-03,-0.7022889090581685
2023-05-04,-0.7244906241250959
2023-05-05,1.8306159168067992
2023-05-08,0.04519981658628325
2023-05-09,-0.4589891663840717
2023-05-10,0.44738902330276886
2023-05-11,-0.1698060217456998
2023-05-12,-0.1584552162620767
2023-05-15,0.29538685652354957
2023-05-16,-0.6398135861992671
2023-05-17,1.1820660164447716
2023-05-18,0.9400774284705093
2023-05-19,-0.1446955746059686
2023-05-22,0.015504597144122556
2023-05-23,-1.1285515564489756
2023-05-24,-0.7345550785867516
2023-05-25,0.871956478556335
2023-05-26,1.2964582735314423
2023-05-30,0.0016644929182518808
2023-05-31,-0.6127372232972661
2023-06-01,0.9806229149665668
2023-06-02,1.4429789652144365
2023-06-05,-0.20055732655688274
2023-06-06,0.23511165774898757
2023-06-07,-0.3819275706767655
2023-06-08,0.6169535247098068
2023-06-09,0.1147473763687401
2023-06-12,0.9277902665685289
2023-06-13,0.690866488336539
2023-06-14,0.08190720692198283
2023-06-15,1.2104580063653003
2023-06-16,-0.36783763376515566
2023-06-20,-0.47463803686902395
2023-06-21,-0.5259081846185509
2023-06-22,0.37038857650539825
2023-06-23,-0.7688274822307051
2023-06-26,-0.4496875789266497
2023-06-27,1.1390657230512247
2023-06-28,-0.03540724651998062
2023-06-29,0.4463550205313638
2023-06-30,1.2194363266363695
2023-07-03,0.11700018289602099
2023-07-05,-0.19702536362675716
2023-07-06,-0.7954065287478329
2023-07-07,-0.2869292613603136
2023-07-10,0.24022317330238963
2023-07-11,0.6719588071620208
2023-07-12,0.7383817501052548
2023-07-13,0.8434509266770363
2023-07-14,-0.10249061954503702
2023-07-17,0.38479435973783893
2023-07-18,0.7092079866133361
2023-07-19,0.23550834835130985
2023-07-20,-0.6779806181850034
2023-07-21,0.03241023001034904
2023-07-24,0.4025974035343438
2023-07-25,0.2810758145649572
2023-07-26,-0.015545953102247267
2023-07-27,-0.6445427491140521
2023-07-28,0.9829414508766732
2023-07-31,0.14676396864565788
2023-08-01,-0.26686495524472775
2023-08-02,-1.3936235197657965
2023-08-03,-0.2551225527671619
2023-08-04,-0.5314091027456058
2023-08-07,0.8983583955258112
2023-08-08,-0.4227192022497661
2023-08-09,-0.7063636404007312
2023-08-10,0.02506562955826297
2023-08-11,-0.10702036647138868
2023-08-14,0.5733913274736935
2023-08-15,-1.161806073636562
2023-08-16,-0.758413033820915
2023-08-17,-0.7742762356125255
2023-08-18,-0.014874022775579476
2023-08-21,0.6855621481268059
2023-08-22,-0.2781282092231052
2023-08-23,1.0984339030271073
2023-08-24,-1.3549420207498386
2023-08-25,0.6695523315476848
2023-08-28,0.6245056511158253
2023-08-29,1.4404107984150372
2023-08-30,0.3825802169906467
2023-08-31,-0.15982216816592398
2023-09-01,0.17975431036134637
2023-09-05,-0.42030108696096136
2023-09-06,-0.6995992744252888
2023-09-07,-0.3216468205007317
2023-09-08,0.14255841976638095
2023-09-11,0.6701012782986737
2023-09-12,-0.5712155841120392
2023-09-13,0.12408533465713134
2023-09-14,0.8394550741110507
2023-09-15,-1.2234084667106515
2023-09-18,0.07210364368379629
2023-09-19,-0.2153419552961111
2023-09-20,-0.9439204623111763
2023-09-21,-1.6536873951467967
2023-09-22,-0.22982509659392747
2023-09-25,0.40150212758192083
2023-09-26,-1.484412871796259
2023-09-27,0.022929233000645866
2023-09-28,0.5875776887473094
2023-09-29,-0.271316867551441
2023-10-02,0.007928697692172193
2023-10-03,-1.3839410161484267
2023-10-04,0.8077093787001388
2023-10-05,-0.13048673867483984
2023-10-06,1.1745628333713398
2023-10-09,0.628403208104622
2023-10-10,0.51944583608865
2023-10-11,0.42838286545681115
2023-10-12,-0.6265948885271655
2023-10-13,-0.5031477449687571
2023-10-16,1.0538619453747344
2023-10-17,-0.009832133478049343
2023-10-18,-1.3490386223825368
2023-10-19,-0.8519009694152757
2023-10-20,-1.2665186185758515
2023-10-23,-0.16869643388464084
2023-10-24,0.7239491399758435
2023-10-25,-1.444339793934546
2023-10-26,-1.1903071819741484
2023-10-27,-0.4811871761209119
2023-10-30,1.1938544947970087
2023-10-31,0.645408920746604
2023-11-01,1.0451180679737604
2023-11-02,1.8682956430735587
2023-11-03,0.9349869637437891
2023-11-06,0.1751426346801921
2023-11-07,0.283611569324016
2023-11-08,0.10044332873562212
2023-11-09,-0.8116762182437398
2023-11-10,1.5495728650984475
2023-11-13,-0.08360910851976655
2023-11-14,1.8895282757299015
2023-11-15,0.15958076771482865
2023-11-16,0.11896413835668085
2023-11-17,0.12812755985169844
2023-11-20,0.7363133890926576
2023-11-21,-0.2022988790832514
2023-11-22,0.40528664649777113
2023-11-24,0.059675559803196165
2023-11-27,-0.1956142216799961
2023-11-28,0.09796471418237473
2023-11-29,-0.09466837674256823
2023-11-30,0.3776991191685397
2023-12-01,0.585654170061467
2023-12-04,-0.5423166555118542
2023-12-05,-0.05691170958783687
2023-12-06,-0.391377911138413
2023-12-07,0.793661041331184
2023-12-08,0.4087074621006437
2023-12-11,0.39168516750809346
2023-12-12,0.45887580600858513
2023-12-13,1.3558420429298224
2023-12-14,0.264357337426091
2023-12-15,-0.007628136810033936
2023-12-18,0.4518097487249406
2023-12-19,0.5849255234901207
2023-12-20,-1.4793144174520378
2023-12-21,1.0248790092495241
2023-12-22,0.16587067997893
2023-12-26,0.42227363999494116
2023-12-27,0.14294192776826975
2023-12-28,0.03701020331980942
2023-12-29,-0.2830472999853839
2024-01-02,-0.5676660892966368
2024-01-03,-0.8048614308973967
2024-01-04,-0.3434296699870387
2024-01-05,0.18240092336760938
2024-01-08,1.401598713236396
2024-01-09,-0.14789856520085465
2024-01-10,0.5649939819610594
2024-01-11,-0.06712890360400792
2024-01-12,0.07507264519421852
2024-01-16,-0.3738298623245484
2024-01-17,-0.5632727126755555
2024-01-18,0.8766724739531995
2024-01-19,1.2238283870230404
2024-01-22,0.21918970535104165
2024-01-23,0.2917131506229964
2024-01-24,0.08116591682760799
2024-01-25,0.5246506091991066
2024-01-26,-0.06520097562336957
2024-01-29,0.7528373761456209
2024-01-30,-0.06008383499374048
2024-01-31,-1.6236787963986643
2024-02-01,1.2416277903485096
2024-02-02,1.0627786351802726
2024-02-05,-0.31914641356145523
2024-02-06,0.2307761728426172
2024-02-07,0.8207666921331125
2024-02-08,0.05704010073621646
2024-02-09,0.572597559086141
2024-02-12,-0.09494002275562963
2024-02-13,-1.3768624761212322
2024-02-14,0.9534129096895327
2024-02-15,0.5804399991795606
2024-02-16,-0.48150123419912205
2024-02-20,-0.6023414477223099
2024-02-21,0.12633935945860486
2024-02-22,2.090289169482773
2024-02-23,0.034788317372758115
2024-02-26,-0.379393524610272
2024-02-27,0.17048185442885
2024-02-28,-0.16594504761027196
2024-02-29,0.5215420393339443
2024-03-01,0.797592505779221
2024-03-04,-0.11939974324697289
2024-03-05,-1.0245348981573699
2024-03-06,0.5127959537251314
2024-03-07,1.025138288139793
2024-03-08,-0.6549938065646188
2024-03-11,-0.11228682551802649
2024-03-12,1.1139497364013096
2024-03-13,-0.1926391571869246
2024-03-14,-0.2875205915668033
2024-03-15,-0.6503996116926203
2024-03-18,0.6298168875158439
2024-03-19,0.563328313189082
2024-03-20,0.8864697827339896
2024-03-21,0.32313725131380977
2024-03-22,-0.1403246406415093
2024-03-25,-0.3059595569942175
2024-03-26,-0.28037482252578627
2024-03-27,0.8593565940708814
2024-03-28,0.11158887706699261
2024-04-01,-0.20155996658246522
2024-04-02,-0.7265395734467717
2024-04-03,0.10904938060498637
2024-04-04,-1.241098305745858
2024-04-05,1.1038072569657942
2024-04-08,-0.037475749305038164
2024-04-09,0.14444457627025287
2024-04-10,-0.9501978333886996
2024-04-11,0.7417237205871174
2024-04-12,-1.4657607029448627
2024-04-15,-1.2094130563305328
2024-04-16,-0.2058690186348855
2024-04-17,-0.5797336366097028
2024-04-18,-0.22106328639264206
2024-04-19,-0.8797102336545848
2024-04-22,0.8693327734887291
2024-04-23,1.1893624576652329
2024-04-24,0.021297196541247843
2024-04-25,-0.45869419014579194
2024-04-26,1.0157373516559431
2024-04-29,0.3173415687477643
2024-04-30,-1.5855554753445134
2024-05-01,-0.3441392364873508
2024-05-02,0.9087013401336108
2024-05-03,1.247858860899953
2024-05-06,1.0273136069377742
2024-05-07,0.13425358193490666
2024-05-08,-0.0005782926294273238
2024-05-09,0.5078002595890752
2024-05-10,0.1648021406346345
2024-05-13,-0.02412845541712727
2024-05-14,0.48261000617184635
2024-05-15,1.1647879688046814
2024-05-16,-0.2083874307301059
2024-05-17,0.11641104408202096
2024-05-20,0.09159960683451374
2024-05-21,0.24986983273898034
2024-05-22,-0.2709717683547552
2024-05-23,-0.7408176785643761
2024-05-24,0.6976578915070419
2024-05-28,0.024880404548
2024-05-29,-0.7394346936504093
2024-05-30,-0.5992916722542319
2024-05-31,0.7995864911521267
2024-06-03,0.11154342969863507
2024-06-04,0.15016920495654063
2024-06-05,1.1778026448059364
2024-06-06,-0.01998694317570937
2024-06-07,-0.11158931807155881
2024-06-10,0.25775665246072776
2024-06-11,0.2706754843456949
2024-06-12,0.8467727171883155
2024-06-13,0.23418286723053683
2024-06-14,-0.039391312700232106
2024-06-17,0.7635185920104703
2024-06-18,0.2518189767846124
2024-06-20,-0.2529152276068203
2024-06-21,-0.15633874377698476
2024-06-24,-0.3069879221799354
2024-06-25,0.39259309005768017
2024-06-26,0.15711783413401292
2024-06-27,0.09068706560970696
2024-06-28,-0.4091988512145761
2024-07-01,0.2672015942936312
2024-07-02,0.6176219776783398
2024-07-03,0.5071516198198012
2024-07-05,0.5433988413196644
2024-07-08,0.10161544279974066
2024-07-09,0.07408185037576231
2024-07-10,1.0156283642139385
2024-07-11,-0.8801629230175578
2024-07-12,0.5501853628775422
2024-07-15,0.28221956620431143
2024-07-16,0.6369053660041146
2024-07-17,-1.4025410555021267
2024-07-18,-0.784708046968241
2024-07-19,-0.7165907407030048
2024-07-22,1.0734189165974684
2024-07-23,-0.15593317997986134
2024-07-24,-2.34211784438898
2024-07-25,-0.5155950404247989
2024-07-26,1.1029442312487703
2024-07-29,0.08129903108695657
2024-07-30,-0.4972496433737206
2024-07-31,1.5670005291918088
2024-08-01,-1.3788191433052432
2024-08-02,-1.8552885294603527
2024-08-05,-3.0427045496882243
2024-08-06,1.0300905557720341
2024-08-07,-0.7764756389251559
2024-08-08,2.2781128575607212
2024-08-09,0.46607802121503283
2024-08-12,0.0043036707511490135
2024-08-13,1.6707226654933294
2024-08-14,0.38164760676338005
2024-08-15,1.6004444012784447
2024-08-16,0.1987841126329215
2024-08-19,0.9675327436177383
2024-08-20,-0.19865481747167735
2024-08-21,0.42307182841856417
2024-08-22,-0.8972949425464449
2024-08-23,1.1417986208501318
2024-08-26,-0.31587066155740473
2024-08-27,0.15939320118754097
2024-08-28,-0.5993966945423423
2024-08-29,-0.003934142455719325
2024-08-30,1.0042467382856302
2024-09-03,-2.1378012454581707
2024-09-04,-0.16037653903602234
2024-09-05,-0.30226412501868083
2024-09-06,-1.7410901670867673
2024-09-09,1.1513555690020993
2024-09-10,0.44626607244904193
2024-09-11,1.0608580303038906
2024-09-12,0.7467372942029371
2024-09-13,0.539309687837175
2024-09-16,0.12558720767881226
2024-09-17,0.026447349073777104
2024-09-18,-0.2900603126386514
2024-09-19,1.6834291247587174
2024-09-20,-0.1942855451501302
2024-09-23,0.28053309143558636
2024-09-24,0.2507969702996604
2024-09-25,-0.18629115860662182
2024-09-26,0.40304808028714945
2024-09-27,-0.12539688882462485
2024-09-30,0.42275934328568354
2024-10-01,-0.9367852083837391
2024-10-02,0.013837448536691
2024-10-03,-0.1682811533125772
2024-10-04,0.8930275984438296
2024-10-07,-0.9632284107421896
2024-10-08,0.9642716894193271
2024-10-09,0.7088203896394418
2024-10-10,-0.2072227971014584
2024-10-11,0.6033611862784838
2024-10-14,0.7678060962994948
2024-10-15,-0.7638509068755184
2024-10-16,0.4668155706577082
2024-10-17,-0.017117513483455582
2024-10-18,0.39637370431258034
2024-10-21,-0.182444274130944
2024-10-22,-0.04750033835065892
2024-10-23,-0.9233777411951749
2024-10-24,0.2143483186927142
2024-10-25,-0.029953572187402244
2024-10-28,0.26479514493722434
2024-10-29,0.1612842692562566
2024-10-30,-0.3305691628138874
2024-10-31,-1.87901825995187
2024-11-01,0.40842263302351967
2024-11-04,-0.28160686495120046
2024-11-05,1.2191061302749162
2024-11-06,2.4981233838897055
2024-11-07,0.7403744412988189
2024-11-08,0.37498038698000613
2024-11-11,0.09685844338367389
2024-11-12,-0.28968743715669376
2024-11-13,0.023225951010807933
2024-11-14,-0.6068115029117749
2024-11-15,-1.329146396056835
2024-11-18,0.391015982410714
2024-11-19,0.39557737052682285
2024-11-20,0.0021970426116624253
2024-11-21,0.532623530517462
2024-11-22,0.3461979200411136
2024-11-25,0.30158820722512303
2024-11-26,0.5705736188806654
2024-11-27,-0.380853961537575
2024-11-29,0.5592178893918387
2024-12-02,0.24454606033064152
2024-12-03,0.04513504631038501
2024-12-04,0.6033123750501801
2024-12-05,-0.18714648272304402
2024-12-06,0.24923196558415128
2024-12-09,-0.6163180212196195
2024-12-10,-0.29682940713744443
2024-12-11,0.8132661932885199
2024-12-12,-0.5428741091956013
2024-12-13,-0.002644116757721804
2024-12-16,0.3792116324959238
2024-12-17,-0.38714440227618496
2024-12-18,-2.9936554508987356
2024-12-19,-0.08654734577540069
2024-12-20,1.081047625241105
2024-12-23,0.7260895475461382
2024-12-24,1.0982197273833094
2024-12-26,-0.04057087414679472
2024-12-27,-1.1117304675595463
2024-12-30,-1.0759690191102678
2024-12-31,-0.4293996454133975
2025-01-02,-0.222634979255254
2025-01-03,1.2517287272657995
2025-01-06,0.5522822262490124
2025-01-07,-1.1166004769812332
2025-01-08,0.1559107735282339
2025-01-10,-1.553164435389398
2025-01-13,0.15741742695762895
2025-01-14,0.11456334044925853
2025-01-15,1.814713298542614
2025-01-16,-0.21148717634655867
2025-01-17,0.9941425935723558
2025-01-21,0.8729996752231628
2025-01-22,0.6119200577442641
2025-01-23,0.5299445097723066
2025-01-24,-0.28592607828965555
2025-01-27,-1.4687984883634542
2025-01-28,0.9175576254676798
2025-01-29,-0.4689853570095437
2025-01-30,0.5261570722435494
2025-01-31,-0.5059581291424919
2025-02-03,-0.7637696973120001
2025-02-04,0.7198897488333245
2025-02-05,0.39010377290882303
2025-02-06,0.3637700027498525
2025-02-07,-0.950991348210728
2025-02-10,0.6690160848149773
2025-02-11,0.03395154850025506
2025-02-12,-0.2727618689451816
2025-02-13,1.037237745962294
2025-02-14,-0.007195597605580417
2025-02-18,0.24419717448793676
2025-02-19,0.23741775065797555
2025-02-20,-0.43436239711489577
2025-02-21,-1.721137399126249
2025-02-24,-0.4981513054854503
2025-02-25,-0.4690715138396584
2025-02-26,0.01360051919139238
2025-02-27,-1.5991702852089063
2025-02-28,1.5729750431898282
2025-03-03,-1.775343937549323
2025-03-04,-1.231023460336722
2025-03-05,1.1097475685101443
2025-03-06,-1.7979700568309553
2025-03-07,0.5505404600508967
2025-03-10,-2.7343518375984033
2025-03-11,-0.7596604935653062
2025-03-12,0.4874971275235396
2025-03-13,-1.3988405225353162
2025-03-14,2.104291988140794
2025-03-17,0.6395603934347349
2025-03-18,-1.0710674253909147
2025-03-19,1.0740629118979328
2025-03-20,-0.21873007738033579
2025-03-21,0.08243274123156397
2025-03-24,1.7492157944607456
2025-03-25,0.15730819184724965
2025-03-26,-1.121969145510704
2025-03-27,-0.3312437106650634
2025-03-28,-1.9934580336265384
2025-03-31,0.5523212456949977
2025-04-01,0.37741531622366153
2025-04-02,0.6705592339420363
2025-04-03,-4.960587756339585
2025-04-04,-6.160907367588031
2025-04-07,-0.23341792090825209
2025-04-08,-1.582508719681286
2025-04-09,9.089490164871528
2025-04-10,-3.5220587845119056
2025-04-11,1.793036925211311
2025-04-14,0.7913254093152133
2025-04-15,-0.17292137684190578
2025-04-16,-2.266331270099542
2025-04-17,0.13259586728278094
2025-04-21,-2.3849649226388436
2025-04-22,2.4807034313980125
2025-04-23,1.6523845474795351
2025-04-24,2.005659908960844
2025-04-25,0.7346095426564503
2025-04-28,0.06404944691347225
2025-04-29,0.5785627496395662
2025-04-30,0.1478900779794401
2025-05-01,0.6279331841724911
2025-05-02,1.4619229243407972
2025-05-05,-0.6402040027831291
2025-05-06,-0.7723033885545405
2025-05-07,0.4337004125959609
2025-05-08,0.5782993340666565
2025-05-09,-0.0711772086374296
2025-05-12,3.2040014309449916
2025-05-13,0.722208217371545
2025-05-14,0.10238448046244741
2025-05-15,0.4123800988772075
2025-05-16,0.6980898743963238
2025-05-19,0.08756935229854435
2025-05-20,-0.3887754118519382
2025-05-21,-1.6266702451147808
2025-05-22,-0.04449532958030744
2025-05-23,-0.6730909417987263
2025-05-27,2.025254391312181
2025-05-28,-0.5586762811583768
2025-05-29,0.4003150916718212
2025-05-30,-0.008119175975807025
2025-06-02,0.40936514501339616
2025-06-03,0.5783504036175557
2025-06-04,0.007369455953210036
2025-06-05,-0.5291315280564035
2025-06-06,1.022818611570031
2025-06-09,0.09195219134294774
2025-06-10,0.5467983326655101
2025-06-11,-0.2747689533666886
2025-06-12,0.38152107599636054
2025-06-13,-1.136074330540815
2025-06-16,0.9348881754855043
2025-06-17,-0.8387318295762114
2025-06-18,-0.03092717177288762
2025-06-20,-0.21809894398643337
2025-06-23,0.9560641855696161
2025-06-24,1.1060286796933383
2025-06-25,-0.00032829024796399153
2025-06-26,0.798815349977744
2025-06-27,0.5205430912106124
2025-06-30,0.5151077553744443
2025-07-01,-0.11190878184379471
2025-07-02,0.4733849037258153
2025-07-03,0.8304350113371939
2025-07-07,-0.7893349417233964
2025-07-08,-0.07161495228000803
2025-07-09,0.604384333467678
2025-07-10,0.2742409872004359
2025-07-11,-0.33029779929130143
2025-07-14,0.14064149836947593
2025-07-15,-0.3964098180953002
2025-07-16,0.3188499806256573
2025-07-17,0.5359433132147373
2025-07-18,-0.009051821685268635
2025-07-21,0.1398147722005305
2025-07-22,0.06373254110627613
2025-07-23,0.778152614671157
2025-07-24,0.069798922208264
2025-07-25,0.3966444948062531
2025-07-28,0.017686081491241623
2025-07-29,-0.2963805680808562
2025-07-30,-0.12502200507658046
2025-07-31,-0.37016989606790673
2025-08-01,-1.6121328046944328
2025-08-04,1.4629536175940316
2025-08-05,-0.4869703735275621
2025-08-06,0.725550368351513
2025-08-07,-0.07977889372803304
2025-08-08,0.7769424248420975
2025-08-11,-0.2507268470623103
2025-08-12,1.128162608098826
2025-08-13,0.32248249415864905
2025-08-14,0.03030509210582011
2025-08-15,-0.2901303595573168
2025-08-18,-0.010078339718333496
2025-08-19,-0.5875362532782091
2025-08-20,-0.24345787627044757
2025-08-21,-0.4012241056242871
2025-08-22,1.5072248733122962
2025-08-25,-0.427546108007526
2025-08-26,0.4125455473914741
2025-08-27,0.23881364585491838
2025-08-28,0.31517534019496196
2025-08-29,-0.6418725150927784
2025-09-02,-0.6946392429263426
2025-09-03,0.5087154738689037
2025-09-04,0.8311798740471943
2025-09-05,-0.3170160654550003
2025-09-08,0.210377948614493
2025-09-09,0.2684552987744837
2025-09-10,0.297900125633177
2025-09-11,0.845006098923129
2025-09-12,-0.04828512001093799
2025-09-15,0.4695616136135783
2025-09-16,-0.1288757435196075
2025-09-17,-0.09706893488914403
2025-09-18,0.47777085223632554
2025-09-19,0.487353856235373
2025-09-22,0.4400330199851865
2025-09-23,-0.5517340092831446
2025-09-24,-0.28507212670838555
2025-09-25,-0.5021648905465526
2025-09-26,0.5884492261081675
2025-09-29,0.26321125222388275
2025-09-30,0.4082503589616593
2025-10-01,0.33941192284689947
2025-10-02,0.06181781816128051
2025-10-03,0.006551938259136136
2025-10-06,0.3639996973882731
2025-10-07,-0.3818696311233438
2025-10-08,0.5810693412792389
2025-10-09,-0.27593218696981836
2025-10-10,-2.7485959970572793
2025-10-13,1.547819498378189
2025-10-14,-0.15655280311612785
2025-10-15,0.4017918538789189
2025-10-16,-0.631424497513855
2025-10-17,0.5256882598063228
2025-10-20,1.061570636531961
2025-10-21,0.0032664017913575094
2025-10-22,-0.5351805698817103
2025-10-23,0.5810473980595532
2025-10-24,0.7871361907069385
2025-10-27,1.2215109973364946
2025-10-28,0.22853333884658156
2025-10-29,-0.004353668837353553
2025-10-30,-0.9954191197687479
2025-10-31,0.2614449461560753
2025-11-03,0.17192311955085415
2025-11-04,-1.1806190194192823
2025-11-05,0.36468630849650907
2025-11-06,-1.1241102610423326
2025-11-07,0.12610492171649668
2025-11-10,1.5283571949666452
2025-11-11,0.2073245648702482
2025-11-12,0.06293105606971494
2025-11-13,-1.6695497821197947
2025-11-14,-0.050179638215652744
2025-11-17,-0.9204541614053596
2025-11-18,-0.829065986303057
2025-11-19,0.3746757649478738
2025-11-20,-1.568966674838812
2025-11-21,0.9775031702355719
2025-11-24,1.5348836917048914
2025-11-25,0.9020920798512577
2025-11-26,0.6882972184270031
2025-11-28,0.5340490085902871
2025-12-01,-0.533755435779959
2025-12-02,0.24541868350880236
2025-12-03,0.29753463150949955
2025-12-04,0.10797529874064793
2025-12-05,0.1934800188635677
2025-12-08,-0.3483295312932455
2025-12-09,-0.08767431309877338
2025-12-10,0.6726820871525874
2025-12-11,0.20772175085355116
2025-12-12,-1.0720936344245757
2025-12-15,-0.15977816227152886
2025-12-16,-0.23867639262764584
2025-12-17,-1.1659917229323469
2025-12-18,0.7903012268158705
2025-12-19,0.8779372826507981
2025-12-22,0.6415836501949101
2025-12-23,0.45400954671901417
2025-12-24,0.3216338173197997
2025-12-26,-0.030442959723586682
2025-12-29,-0.3498205318253511
2025-12-30,-0.137661429740632
2025-12-31,-0.7384833448339734
2026-01-02,0.18928827007993476
2026-01-05,0.6334084134120843
2026-01-06,0.6177589017273277
2026-01-07,-0.3445904280642509
2026-01-08,0.0076576371602854465
2026-01-09,0.6454636335169184
2026-01-12,0.15763564193846946
2026-01-13,-0.1941036445421318
2026-01-14,-0.5347614026380398
2026-01-15,0.2576587081787096
2026-01-16,-0.06424439595011933
2026-01-20,-2.0842474609839456
2026-01-21,1.1521080474656387
2026-01-22,0.547250362606988
2026-01-23,0.032685032281776216
2026-01-26,0.4993577300732355
2026-01-27,0.4073571036609991
2026-01-28,-0.008168160943178293
2026-01-29,-0.12934646000264394
2026-01-30,-0.43111820838497295
2026-02-02,0.5376762714528027
2026-02-03,-0.8439512459453624
2026-02-04,-0.5085322899976319
2026-02-05,-1.2326632274291427
2026-02-06,1.9504358091879226
2026-02-09,0.4680114924299872
2026-02-10,-0.3309215963660961
2026-02-11,-0.004897978000428793
2026-02-12,-1.5784876133702497
2026-02-13,0.04989417709708732
2026-02-17,0.10307478073485754
2026-02-18,0.5550659701347271
2026-02-19,-0.2826126800979267
2026-02-20,0.6915809547171747
2026-02-23,-1.043999339209556
2026-02-24,0.7622514474642017
2026-02-25,0.810342532877506
2026-02-26,-0.538002407756899
2026-02-27,-0.4348797881100097
2026-03-02,0.03982413482379599
2026-03-03,-0.9488874510841683
2026-03-04,0.7726108548736121
2026-03-05,-0.5662702054044289
2026-03-06,-1.3365729048958386
2026-03-09,0.8269840075943335
2026-03-10,-0.21373651385516723
2026-03-11,-0.08379262407114396
2026-03-12,-1.5344854576946787
2026-03-13,-0.6077520001309011
2026-03-16,1.0079918404358068
2026-03-17,0.2491155157688496
2026-03-18,-1.370105213122308
2026-03-19,-0.2752588617910945
2026-03-20,-1.525389582947767
2026-03-23,1.1388106093258799
2026-03-24,-0.37496133331575976
2026-03-25,0.5404526448369751
2026-03-26,-1.7559479899018626
2026-03-27,-1.6863223156244445
2026-03-30,-0.39535723670915957
2026-03-31,2.8714924185273105
2026-04-01,0.714297472893044
2026-04-02,0.11202303039326011
2026-04-06,0.4416992414478571
2026-04-07,0.0758957090345902
2026-04-08,2.4772044477339605
2026-04-09,0.6151052613166286
2026-04-10,-0.11391668601081761
2026-04-13,1.012186151436012
2026-04-14,1.1714039770858165
2026-04-15,0.7944100281507716
2026-04-16,0.2606614137922847
2026-04-17,1.1968515194247686
2026-04-20,-0.23772069191974055
2026-04-21,-0.6368401170700366
2026-04-22,1.0405736514160324
2026-04-23,-0.4141432114161958
2026-04-24,0.7942043275907196
2026-04-27,0.12316071238149817
2026-04-28,-0.4906138729193543
2026-04-29,-0.039930647301922306
2026-04-30,1.0186244049721793
2026-05-01,0.2924000966883611
2026-05-04,-0.40704462796039564
2026-05-05,0.8087197784593769
2026-05-06,1.4482958012582259
2026-05-07,-0.38103109376628197
2026-05-08,0.83903630375044
2026-05-11,0.1878236576624559
2026-05-12,-0.160391021166717
2026-05-13,0.5832200784963604
2026-05-14,0.7626417898904947
2026-05-15,-1.2440350542895828
2026-05-18,-0.07359122098584692
2026-05-19,-0.670072834731883
2026-05-20,1.0734160570107676
2026-05-21,0.17138609811624406
2026-05-22,0.3720045391482074
